{
"type": "GenericCrafter",
"name":"Феросиляційна фабрика",
"description": "Поєднує знайдений кремній з вуглецем отримуючи верросиліцій"
"health":300,
"size":2,
"requirements":[
{ "item": "Mikro", "amount": 16}
{ "item": "Steelk", "amount": 30}
],
"hasPower": true,
"hasitem": true,
"hasliquids": false,
"craftTime":10,
"consumes": {
"power":200,
"items": {
"items": [
{"item": "Ug", "amount": 2}
{"item": "sa", "amount": 1}
]
}
}
"updateEffect": "ventSteam",
"category": "crafting",
"idleSoundVolume": 0.5,
"itemCapacity": 140,
"outputItem": {"item": "silicon1", "amount": 14},
research: "Steelf"
}