{
"type": "itemTurret",
"name":" Продвинута башта
"description": "Мала покращена версія почадкової турелі що тепер має змогу пробивати усіх ворогів по яким попала",
"health":300,
"size":1,
"requirements":[
{ "item": "Mikro", "amount": 6}
],
"reloadTime": 0.6,
reload: 45
recoilAmount: 8
"range": 200,
"shots": 20,
rotateSpeed: 3
"ammoTypes":{"Gold":{"damage":25, "lifeTime":800,pierce: true, speed:7
},
},
"category": "turret",
"research": "unigun",
}
