{
"type": "BuildTurret",
"name":"Будівельна башта",
"description": "Головна проблема у середовищі цієї планети це довге будівництво ця турель хоч і не може стріляти але гарно допомагає у будівництві",
"health":120,
"size":2,
"requirements":[
{ "item": "Gold", "amount": 20}
{ "item": "Ug", "amount": 30}
],
"reloadTime": 2,
recoilAmount: 2
buildSpeed: 2.3
"range": 400,
"shots": 1,
rotateSpeed: 120
"category": "effect",
coolantMultiplier: 0.7
"research": "core",
}
