{
"type": "BuildTurret",
"name":"Будівельна башта+",
"description": "Покращена будівельна турель допоможе вам будувати ще швидше",
"health":400,
"size":2,
"requirements":[
{ "item": "Mikro", "amount": 10}
{ "item": "silicon1", "amount": 30}
{ "item": "Steelk", "amount": 20}
],
"reloadTime": 0.1,
buildSpeed: 3.3
"range": 510,
"shots": 1,
rotateSpeed: 180
"category": "effect",
coolantMultiplier: 0.7
"research": "Buif",
}
