{
"type": "CoreBlock",
"name":"Ядро'Новий світ'",
"description": "Ядро первиний блок що має багато функцій такі як ракети відправки вас на інші сектори, функції сховищя де лежать усі вами збирані ресурси, при крітичному пошкоджені вашого дрона маєзмогу зробити нового. бережіть ядро бо воно як серце вашої місії"
"health":9000,
"size":3
itemCapacity: 400000
unitCapModifier: 20
unitTupe: "Gibrid"
incinerateNonBuildable: True
isFirstTier: true
SquareSprite: false
"category": "effect",
research: {
root: true
name: Розалиум
planet: roza
}
"alwaysUnlocked": true
}
