{
"type": "GenericCrafter",
"name":"Вуглецева ферма",
"description":"За допомогою не великої квлькості енергії та бруду та інших компонентів в атмосфері планети робить вуглець",
"health":30,
"size":3,
"requirements":[
{ "item": "Gold", "amount": 25}
],
"hasPower": true,
"hasitem": true,
"hasliquids": false,
"craftTime":50 ,
"consumes": {
"power":1.5 ,}
"updateEffect": "regenSuppressParticle",
"category": "crafting",
"idleSoundVolume": 0.5,
"itemCapacity": 12,
"outputItem": {"item": "Ug", "amount": 2},
research: "Goldkolaider"
}