{
"type": "itemTurret",
"name":"Бриз",
"description": "Турель що стіляє зволоженим золотом най краще підходить у синергії з електричними атаками",
"health":350,
"size":2,
"requirements":[
{ "item": "Gold", "amount": 74}
],
"reloadTime": 2,
reload: 25
recoilAmount: 2
"range": 150,
"shots": 2,
rotateSpeed: 3
"ammoTypes":{"Gold":{"type":"MissileBulletType", "damage":27, "lifeTime":760, "speed":3, "status":"wet"
},
},
"category": "turret",
"research": "Min",
}
