{
"type": "GenericCrafter",
"name":"Фабрика генераторів",
"description":"За допомогою властивостей кварцу та вулецю робить зних робить генератори процесів або тиків",
"health":200,
"size":3,
"requirements":[
{ "item": "Gold", "amount": 23}
{ "item": "Koba", "amount": 26}
],
"hasPower": true,
"hasitem": true,
"hasliquids": false,
"craftTime":180 ,
"consumes": {
"power":272,
"items": {
"items": [
{"item": "Ug", "amount": 2}
{"item": "kw", "amount": 1}
]
}
}
"updateEffect": "electrified",
"category": "crafting",
"idleSoundVolume": 0.5,
"itemCapacity": 140,
"outputItem": {"item": "gt", "amount": 1},
research: "Mf"
}