{
"type": "itemTurret",
"name":"Стушувач",
"description": "Турель для поєднання з електричними атаками накладе мокрість на ворогів а потім їх потрібно просто трохи розігріти блискавкою",
"health":300,
"size":2,
"requirements":[
{ "item": "Mikro", "amount": 30}
{ "item": "Steelk", "amount": 55}
{ "item": "Ug", "amount": 35}
],
"reloadTime": 2.5,
reload: 50
recoilAmount: 1
"range": 150,
"shots": 5,
rotateSpeed: 6
"ammoTypes":{"Gold":{"damage":60, "lifeTime":999999999999999999999, speed:3, status:"wet"
},
},
"category": "turret",
coolantMultiplier: 0.7
"research": "unigun",
}
