{
"type": "itemTurret",
"name":"Плавильник",
"description": "Турель що стіляє розпеченим вуглецем та підпалює ворогів",
"health":350,
"size":2,
"requirements":[
{ "item": "Gold", "amount": 30}
{ "item": "Ug", "amount": 35}
],
"reloadTime": 2,
reload: 50
recoilAmount: 2
"range": 150,
"shots": 5,
rotateSpeed: 3
"ammoTypes":{"Ug":{"damage":60 , "lifeTime":800, speed:15, status:"burning"
},
},
"category": "turret",
coolantMultiplier: 0.7
"research": "Min",
}
