{
"type": "GenericCrafter",
"name":"Карбитний прес",
"description":"Об'єднує вуглець та золото отримуючи карбід.",
"health":300
"size":4,
"requirements":[
{ "item": "Gold", "amount": 40}
],
"hasPower": true,
"hasitem": true,
"hasliquids": false,
"craftTime":10,
"consumes": {
"power":2 ,
"items": {
"items": [
{"item": "Ug", "amount": 2}
{"item": "Gold", "amount": 1}
]
}
}
"updateEffect": "ventSteam",
"category": "crafting",
"idleSoundVolume": 0.5,
"itemCapacity": 140,
"outputItem": {"item": "Karbid", "amount": 2},
research: "Ferma"
}