{
"type": "GenericCrafter",
"name":"Завод плат",
"description":"Виготовлює мікросхеми",
"health":300,
"size":3,
"requirements":[
{ "item": "Gold", "amount": 23}
{ "item": "Karbid", "amount": 55}
],
"hasPower": true,
"hasitem": true,
"hasliquids": false,
"craftTime":60 ,
"consumes": {
"power":150,
"items": {
"items": [
{"item": "Ug", "amount": 1}
{"item": "Gold", "amount": 4}
]
}
}
"updateEffect": "freezing",
"category": "crafting",
"idleSoundVolume": 0.5,
"itemCapacity": 140,
"outputItem": {"item": "Mikro", "amount": 3},
research: "karbitpres"
}