{
"type": "GenericCrafter",
"name":"Піч",
"description": "За допомогою штучного вогню підтримуваного вуглецем може видавати монооксид вуглецю"
"health":300,
"size":2,
"requirements":[
{ "item": "Gold", "amount": 16}
{ "item": "gt", "amount": 10}
],
"hasPower": false,
"hasitem": true,
"hasliquids": true,
"craftTime":1,
"consumes": {
"items": {
"items": [
{"item": "Ug", "amount": 1}
]
}
}
"updateEffect": "fireSmoke",
"category": "crafting",
"idleSoundVolume": 0.5,
"outputLiquid":{"liquid": "wug", "amount": 1},
research: "4"
}