{
"type": "GenericCrafter",
"name":"Констуктор процесорів",
"description":"Конструює процесори з мікросхем і генераторів процесів",
"health":200,
"size":3,
"requirements":[
{ "item": "Mikro", "amount": 40}
{ "item": "Koba", "amount": 50}
{ "item": "str", "amount": 5}
{ "item": "Steelk", "amount": 60}
],
"hasPower": true,
"hasitem": true,
"hasliquids": false,
"craftTime":310 ,
"consumes": {
"power":473,
"items": {
"items": [
{"item": "Mikro", "amount": 1}
{"item": "gt", "amount": 5}
]
}
}
"updateEffect": "electrified",
craftEffect: overdriven
"category": "crafting",
"idleSoundVolume": 0.5,
"itemCapacity": 140,
"outputItem": {"item": "Pr", "amount": 1},
research: "gtf"
}