{
"type": "GenericCrafter",
"name":"Консерватор",
"description":"Робить радіоактиіні струмені",
"health":475,
"size":2,
"requirements":[
{ "item": "Mikro", "amount": 20}
{ "item": "Koba", "amount": 25}
],
"hasPower": true,
"hasitem": true,
"hasliquids": false,
"craftTime":100,
"consumes": {
"power":105,
"items": {
"items": [
{"item": "radi", "amount": 1}
]
}
}
"updateEffect": "regenSuppressParticle",
"category": "crafting",
"idleSoundVolume": 0.5,
"itemCapacity": 140,
"outputItem": {"item": "radio", "amount": 1},
research: "4"
}