{
"type": "GenericCrafter",
"name":"Сталева фабрика",
"description":"З карбіду та вуглецю робить сталь",
"health":300,
"size":4,
"requirements":[
{ "item": "Gold", "amount": 30}
{ "item": "Karbid", "amount": 45}
],
"hasPower": true,
"hasitem": true,
"hasliquids": false,
"craftTime":80 ,
"consumes": {
"power":200.5,
"items": {
"items": [
{"item": "Ug", "amount": 2}
{"item": "Karbid", "amount": 1}
]
}
}
"updateEffect": "regenSuppressParticle",
"category": "crafting",
"idleSoundVolume": 0.5,
"itemCapacity": 140,
"outputItem": {"item": "Steelk", "amount": 4},
research: "karbitpres"
}