{
"type": "GenericCrafter",
"name":"Структурний коструктор",
"description":"Збирає структурний блок",
"health":1425,
"size":5,
"requirements":[
{ "item": "Mikro", "amount": 200}
{ "item": "Steelk", "amount": 350}
],
"hasPower": true,
"hasitem": true,
"hasliquids": false,
"craftTime":600,
"consumes": {
"power":800,
"items": {
"items": [
{"item": "silicon1", "amount": 15}
{"item": "Steelk", "amount": 5}
]
}
}
"updateEffect": "ventSteam",
craftEffect: neoplasmHeal
"category": "crafting",
"idleSoundVolume": 0.5,
"itemCapacity": 1400,
"outputItem": {"item": "str", "amount": 1},
research: "4"
}