{
"type": "itemTurret",
"name":"Лямбда",
"description": "Велика тяжка захисна башта",
"health":375,
"size":3,
"requirements":[
{ "item": "Gold", "amount": 10}
{ "item": "Koba", "amount": 35}
{ "item": "silicon1", "amount": 30}
],
"reloadTime": 0.1,
reload: 70
"range": 150,
rotateSpeed: 2
"shots": 5,
rotateSpeed: 4
"ammoTypes":{"silicon1":{"type":"LaserBoltBulletType", "damage":3, "lifeTime":1800, speed:3, hitSize: 8, inaccuracy: 2.5, splashDamage: 15
},"Ug":{"type":"LaserBoltBulletType", "damage":5.5, "lifeTime":1800, speed:3, hitSize: 8, inaccuracy: 5, splashDamage: 15, scaleLife: true
},
},
"category": "turret",
"research": "Gunnr2",
}
