{
"type": "itemTurret",
"name":"Універсальна башта",
"description": "Універсальна турель",
"health":400,
"size":3,
"requirements":[
{ "item": "Gold", "amount": 40}
{ "item": "Ug", "amount": 75}
{ "item": "Karbid", "amount": 140}
],
inaccuracy: 2
"reloadTime": 0.2,
reload: 78
recoilAmount: 2
"range": 230,
"shots": 5,
rotateSpeed: 2
"ammoTypes":{"Ug":{"type":"LaserBoltBulletType", "damage":25, "lifeTime":800, speed:6
},"Gold":{"type":"LaserBoltBulletType", "damage":15, "lifeTime":800, speed:6
},"Karbid":{"type":"LaserBoltBulletType", "damage":30, "lifeTime":800, speed:5
},"Steelk":{"type":"LaserBoltBulletType", "damage":40, "lifeTime":180, speed:5
}
"silicon1":{"damage":15, "lifeTime":1800, speed:3, hitSize: 8, inaccuracy: 2.5, splashDamage: 15
},
"kw":{"damage":25.7, "lifeTime":800, speed:800 },
},
"category": "turret",
"research": "Gunnr",
}
